,Datetime,Id,Link,Text,Retweets,Hashtags,Username,Geolocation
0,2020-06-05 12:11:56+00:00,1268878218066644993,https://twitter.com/RobertMerleJoh1/status/1268878218066644993,"Stirling Castle, Statue of King Robert the Bruce on the castle esplanade ",0,,RobertMerleJoh1,
1,2020-06-04 13:42:17+00:00,1268538568953270274,https://twitter.com/Lwilson12774523/status/1268538568953270274,I believe Lee was a descendant of Robert the Bruce and others who fought for Scotland at Bannockburn. Limited knowledge shows me an honourable man and great leader who fought for his homeland and people. His ancestors would have been proud. He deserves his statue.,0,,Lwilson12774523,
2,2020-05-28 18:44:18+00:00,1266077855684988934,https://twitter.com/aberdeentaxi1/status/1266077855684988934,Robert the Bruce statue. Barnard castle behind him.,1,,aberdeentaxi1,
3,2020-05-25 09:14:56+00:00,1264847408900517888,https://twitter.com/CharlesMcGuiga2/status/1264847408900517888,Beautiful sunset last night over Bannockburn and the statue of King Robert the Bruce. @VisitScotland @BeingScots @StormHour @POTW @AP_Magazine @practphoto @DPhotographer @Scottish_Banner @BBCScotWeather @STVWeather @BannockburnNTS @StirlingAWS @ScotsMagazine @OutdoorPhotoMag,25,,CharlesMcGuiga2,
4,2020-05-22 15:30:32+00:00,1263854765672411142,https://twitter.com/UndisScot/status/1263854765672411142,"Town Hall and statue of Robert the Bruce in the ancient town of Lochmaben in Dumfries &amp; Galloway, whose origins date back to the 1160s. A reminder there's a real world to dream about and to return to once our isolation is over. More pics and info: https://www.undiscoveredscotland.co.uk/lochmaben/lochmaben/index.html",4,,UndisScot,
5,2020-05-05 19:57:06+00:00,1257761259023486976,https://twitter.com/KELLYCLELLAND1/status/1257761259023486976,@Yulisha And a real men's fighting heroic freedom champion of democracy below at Bannockburn with King Robert The Bruce of Scotland statue there reminding you in #Moscow there Yulia that King Robert The Bruce of Scotland family also went to #Russia and fought on #Russian,0,#Moscow #Russia #Russian,KELLYCLELLAND1,
6,2020-05-04 22:43:36+00:00,1257440770321264641,https://twitter.com/SeveringFayth/status/1257440770321264641,my brother and his wife sent a package with Christmas presents that he couldn't give us last year. Mine is a little statue of Hedwig from Harry Potter. My parents got a nice looking sheep's wool blanket and two figurines one of which is of Robert the Bruce,0,,SeveringFayth,
7,2020-05-04 01:54:46+00:00,1257126491793612802,https://twitter.com/macfadyenangus/status/1257126491793612802,"#1 indie in USA for 2 weeks. Canada, where is that statue you have of Robert the Bruce standing? ",2,,macfadyenangus,
8,2020-04-29 10:25:48+00:00,1255443158198091777,https://twitter.com/l0uS81/status/1255443158198091777,We saw the statue of Robert the Bruce.,0,,l0uS81,
9,2020-04-26 15:10:36+00:00,1254427667941806080,https://twitter.com/ScottishWonders/status/1254427667941806080,"#Statue of Robert the Bruce on the castle esplanade, #Stirling #scottishwonders #Scotland #photography #fodaromovingimages #historicscotland #visitscotland #scotlandshots #scottishhistory #simplyscotland #thisisscotland #scotlandsbeauty #scotlandmagazine #loves_scotlan",1,#Statue #Stirling #scottishwonders #Scotland #photography #fodaromovingimages #historicscotland #visitscotland #scotlandshots #scottishhistory #simplyscotland #thisisscotland #scotlandsbeauty #scotlandmagazine #loves_scotlan,ScottishWonders,
10,2020-04-22 16:44:49+00:00,1253001826930171905,https://twitter.com/robertgibb69/status/1253001826930171905,Sunset at Robert the Bruce statue last night @BannockburnNTS @N_T_S @VisitScotland @stirlingcastle @TheWallaceMon @welovehistory @StirlingAWS @BannockburnHSE @BeingScots @ScotsMagazine @Scotland @Scottish_Banner @StormHour @scotlandinspire @welcomescotland #StaySafe,26,#StaySafe,robertgibb69,
11,2020-04-21 22:06:19+00:00,1252720344357654534,https://twitter.com/robertgibb69/status/1252720344357654534,"Kepler enjoying tonight’s sunset at Robert the Bruce statue,Bannockburn @BannockburnNTS @N_T_S @VisitScotland @welovehistory @StirlingAWS @stirlingcastle @BeingScots @Scotland @welcomescotland",7,,robertgibb69,
12,2020-04-19 10:36:46+00:00,1251822037502492677,https://twitter.com/wallace_euan/status/1251822037502492677,Wallace monument in background with statue of Robert the Bruce.,0,,wallace_euan,
13,2020-04-18 08:28:21+00:00,1251427332180541440,https://twitter.com/vivstan211240/status/1251427332180541440,"Have a stern, authoritarian #WorldHeritageDay! Regards, The Robert the Bruce statue outside Edinburgh Castle #DYK Edinburgh Old &amp; New Towns are one of six World Heritage sites in Scotland?",5,#WorldHeritageDay #DYK,vivstan211240,
14,2020-04-13 09:34:42+00:00,1249632090208874497,https://twitter.com/ChineseTakaver/status/1249632090208874497,"This is a statue of Robert the Bruce. In the Battle of Bannockburn, he called 999 on Edward II. ",0,,ChineseTakaver,
15,2020-04-10 16:09:49+00:00,1248644364097794055,https://twitter.com/PipesofXmas/status/1248644364097794055,"Sculpted by Andrew Currie, along with the statue of Robert the Bruce at Stirling Castle.",1,,PipesofXmas,
16,2020-04-08 10:56:49+00:00,1247840818158854145,https://twitter.com/scotgardener/status/1247840818158854145,You have s Robert the Bruce statue as a picture. Yet lecture others on obsession with wars. Narcissism indeed.,0,,scotgardener,
17,2020-04-06 21:16:48+00:00,1247272066996482056,https://twitter.com/tourscotland/status/1247272066996482056,"Tour #Scotland travel Blog video of the statue of #King #Robert the #Bruce on ancestry, genealogy, family history visit to the battlefield at #Bannockburn by #Stirling Battle was a significant #Scots victory in Wars of Scottish #Independence with #England https://tour-scotland-photographs.blogspot.com/2015/11/tour-scotland-video-king-robert-bruce.html",3,#Scotland #King #Robert #Bruce #Bannockburn #Stirling #Scots #Independence #England,tourscotland,
18,2020-04-06 21:09:14+00:00,1247270161708703747,https://twitter.com/tourscotland/status/1247270161708703747,"Tour #Scotland Travel Blog video of the #Declaration of #Arbroath Statue on ancestry, genealogy, #Scottish family roots history visit to #Arbroath, #Angus depicts #Robert the #Bruce and #Bernard #De #Linton holding famous Declaration of Arbroath #Freedom https://tour-scotland-photographs.blogspot.com/2016/03/tour-scotland-video-declaration-of.html",2,#Scotland #Declaration #Arbroath #Scottish #Arbroath #Angus #Robert #Bruce #Bernard #De #Linton #Freedom,tourscotland,
19,2020-04-06 19:04:12+00:00,1247238694685282310,https://twitter.com/KevinStewartSNP/status/1247238694685282310,"On this the 700th Anniversary of the Declaration of Arbroath, I give you a picture of Robert the Bruce holding the 1319 Aberdeen Feu Farm Charter. I am proud of this statue created by Alan Beattie Herriot as it was a council motion from me that led to its creation. ",17,,KevinStewartSNP,
20,2020-04-02 13:13:55+00:00,1245700991439319045,https://twitter.com/DriftContinent/status/1245700991439319045,Our Robert the Bruce statue agrees ,0,,DriftContinent,
21,2020-04-02 09:53:54+00:00,1245650659182915589,https://twitter.com/cityof_stirling/status/1245650659182915589,"Robert the Bruce, King of Scots statue at the Bannockburn experience Pic by Dakota Images Scotland ",3,,cityof_stirling,
22,2020-04-01 07:13:58+00:00,1245248020003815424,https://twitter.com/thewhitespike/status/1245248020003815424,"I think Robert the Bruce spoke French too. I just liked the statue. Everybody seems to have it in for him, poor man.",0,,thewhitespike,
23,2020-03-30 21:02:07+00:00,1244731655799144448,https://twitter.com/Antoinette_i22/status/1244731655799144448,#Outlander(s) Had to share - Totally did a double take W W ... @SamHeughan has mentioned in the past as a boy he’d pretend play at being Robert the Bruce. Past life surfacing ? ...... the statue is beautiful. #ScotlandIsNow @welovehistory https://twitter.com/welovehistory/status/1242829863955968007,1,#Outlander #ScotlandIsNow,Antoinette_i22,
24,2020-03-25 15:25:09+00:00,1242834916821393410,https://twitter.com/edinburghcastle/status/1242834916821393410,"Robert the Bruce was crowned King of Scots on this day in 1306. The bronze statue of him was set into the outside façade in 1929 to mark the 600th anniversary of his passing. He urges you to #StayHome, stay safe and enjoy history online with us.",23,#StayHome #StayHome,edinburghcastle,
25,2020-03-25 10:15:09+00:00,1242756901584146433,https://twitter.com/stirlingcastle/status/1242756901584146433,"A nod to Robert the Bruce whose statue is proudly standing on our esplanade to this day and who was crowned King of Scots #OTD in 1306. And a virtual wave to our friends at @TheWallaceMon, who are just the right distance away ",108,#OTD,stirlingcastle,
26,2020-03-20 14:44:58+00:00,1241012864447655936,https://twitter.com/_SPQR___/status/1241012864447655936,Robert the Bruce statue as picture? Found the racist,0,,_SPQR___,
27,2020-03-16 15:51:46+00:00,1239580125089406977,https://twitter.com/ScotlandAbout/status/1239580125089406977,Robert the Bruce statue at @stirlingcastle @StirlingAWS @Stirlingcouk @cityof_stirling @StirlingHoliday @WhatOnStirling @VisitScotland @welovehistory @HistEnvScot #Scotland @Scotland #visitscotland #lovescotland – at Stirling Castle,4,#Scotland #visitscotland #lovescotland,ScotlandAbout,
28,2020-03-16 12:40:34+00:00,1239532005282414593,https://twitter.com/AlastairBruce_/status/1239532005282414593,Took two #Spanish soldiers from @EjercitoTierra to Robert the Bruce’s statue in @edinburghcastle because his heart was taken to Andalucia for the Battle of Teba in 1330. These #cavalrymen are with @SCOTS_DG as all @NATO relationships matter. @ArmyScotland @BritishArmy @ukinspain,14,#Spanish #cavalrymen,AlastairBruce_,
29,2020-03-15 14:26:21+00:00,1239196239142494209,https://twitter.com/MissGillon1/status/1239196239142494209,"My life in pictures, history edit thanks @MrsPageHistory! Me circa 1996 at Robert the Bruce’s statue at Bannockburn ",0,,MissGillon1,
30,2020-03-15 07:00:32+00:00,1239084046581465089,https://twitter.com/HardleyTony/status/1239084046581465089,A statue of Robert the Bruce stands on what is believed to have been the site of the Battle of #Bannockburn in 1314. https://scotphoto.com/,1,#Bannockburn,HardleyTony,
31,2020-03-05 23:57:34+00:00,1235716112807063554,https://twitter.com/LordWoolamaloo/status/1235716112807063554,"Taken this day 2016, ""Here lies our land"" https://www.flickr.com/photos/woolamaloo_gazette/25478196072/in/photostream/lightbox/ Statue of Robert the Bruce, King of Scots. Field of Bannockburn, #Scotland #history #photography",0,#Scotland #history #photography,LordWoolamaloo,
32,2020-02-20 14:47:39+00:00,1230504292995543041,https://twitter.com/jonwturnbull1/status/1230504292995543041,"Glasgow, Glen Nevis (great Youth Hostel), Inverness, Aviemore, Edinburgh and Hawick, where we scattered my Dad’s ashes (a lot of Turnbulls come from that region). This statue in Hawick is to my ancestor who allegedly saved Robert the Bruce’s life!! Hopefully that qualifies me! ",0,,jonwturnbull1,
33,2020-02-14 14:06:26+00:00,1228319592738672640,https://twitter.com/HistoryStAidans/status/1228319592738672640,Group photograph at the Robert the Bruce statue ,0,,HistoryStAidans,
34,2020-02-12 20:35:35+00:00,1227692751203880960,https://twitter.com/Sergi0068/status/1227692751203880960,"Hey, Scotland! Why are we still calling new builds after Royals that aren't ours? V&A Dundee? Queensferry Crossing? Who decides this crap? When will England have a Robert The Bruce bridge/ street/statue? ",9,,Sergi0068,
35,2020-02-12 01:53:01+00:00,1227410245598810112,https://twitter.com/siloki77/status/1227410245598810112,Aye it'll pretty much guarantee Scottish independence nigel Farage has done more than James Connolly Michael Collins William Wallace and Robert the Bruce in in helping Irish unification and Scottish independence there should be a statue in Dublin and Edinburgh,0,,siloki77,
36,2020-02-09 20:13:50+00:00,1226600113683881985,https://twitter.com/MuralsS/status/1226600113683881985,"Robert the Bruce, King of Scots. 1306-1329. The statue, outside Marischal College, was created by sculptor Alan B Herriot. The college is now the Headquarters for Aberdeen City Council. @AberdeenCC",0,,MuralsS,
37,2020-01-31 22:38:56+00:00,1223375138814660609,https://twitter.com/Trisha_AM/status/1223375138814660609,Robert the Bruce Statue #LeavethelightonforScotland,1,#LeavethelightonforScotland,Trisha_AM,
38,2020-01-31 12:57:46+00:00,1223228882570096640,https://twitter.com/LewisMichie0/status/1223228882570096640,A group beginning to gather in front of the Robert the Bruce statue at Marischal College. Two demonstrations will take place today as the group voice their displeasure at leaving the European Union. Later tonight they’ll return to request the EU “leave a light on for Scotland” ,0,,LewisMichie0,
39,2020-01-31 12:57:25+00:00,1223228793793413122,https://twitter.com/northsoundnews/status/1223228793793413122,A group beginning to gather in front of the Robert the Bruce statue at Marischal College. Two demonstrations will take place today as the group voice their displeasure at leaving the European Union. Later tonight they’ll return to request the EU “leave a light on for Scotland” ,0,,northsoundnews,
40,2020-01-26 16:53:43+00:00,1221476322020679680,https://twitter.com/MuralsS/status/1221476322020679680,"This bronze statue of Robert the Bruce at the Battle of Bannockburn site, had to be restored after the weather turned it green. It depicts an axe-wielding Bruce on his war horse, and was originally designed by Charles d'Orville Pilkington Jackson. @BannockburnNTS",2,,MuralsS,
41,2020-01-20 19:44:18+00:00,1219344922194653184,https://twitter.com/CharlesMcGuiga2/status/1219344922194653184,Beautiful sunset over Bannockburn and the statue of King Robert the Bruce. @VisitScotland @BannockburnNTS @StormHour @StirlingAWS @StirObserver @BeingScots @ScotsMagazine @BBCScotWeather @STVWeather @AP_Magazine,39,,CharlesMcGuiga2,
42,2020-01-12 11:30:14+00:00,1216321484647542784,https://twitter.com/BannockburnNTS/status/1216321484647542784,"Beautiful! We love seeing pictures of our Robert the Bruce statue, especially ones as stunning as this! #Bannockburn1314 #ForTheLoveOfScotland",3,#Bannockburn1314 #ForTheLoveOfScotland,BannockburnNTS,
43,2020-01-09 20:31:14+00:00,1215370466782842891,https://twitter.com/Purescottish1/status/1215370466782842891,Approaching sunset at the Robert the Bruce statue in Bannockburn Liam Kelly ,1,,Purescottish1,
44,2020-01-03 21:55:34+00:00,1213217364344496133,https://twitter.com/tourscotland/status/1213217364344496133,"Tour #Scotland travel Blog video of the statue of #King #Robert the #Bruce on ancestry, genealogy, family history visit to the battlefield at #Bannockburn by #Stirling Battle was a significant #Scots victory in Wars of Scottish #Independence with #England https://tour-scotland-photographs.blogspot.com/2015/11/tour-scotland-video-king-robert-bruce.html",2,#Scotland #King #Robert #Bruce #Bannockburn #Stirling #Scots #Independence #England,tourscotland,
45,2020-01-02 03:57:34+00:00,1212583689554710528,https://twitter.com/AstralColt/status/1212583689554710528,"Was in a medieval-y mood so watched Outlaw King on Netflix. Very bloody, very muddy, and yet still somehow boring. Given a moment to think about it, it's because Robert the Bruce is portrayed more as a noble statue than a human being.",1,,AstralColt,
46,2019-12-30 04:13:59+00:00,1211500654780436480,https://twitter.com/ron_rocko/status/1211500654780436480,Unicorn statue to take centre stage in celebration of 700th anniversary of Declaration of Arb… ' adopted by Robert the Bruce in the late 1300s '. The Bruce died in 1329!!,0,,ron_rocko,
47,2019-12-15 11:07:19+00:00,1206168857221705729,https://twitter.com/74frankfurt/status/1206168857221705729,"Robert the Bruce statue on a building in Well Street, Moffat. (2019) Pic: David McPherson. ",7,,74frankfurt,
48,2019-12-14 19:08:56+00:00,1205927672599261186,https://twitter.com/Onlyoneiinpig/status/1205927672599261186,"At the end of the day she's only doing it for the statue's, monument, roads named after herself. She sees herself as some kind of William Wallace / Robert the Bruce character who's name will become the stuff of legends. No chance Jimmy.",4,,Onlyoneiinpig,
49,2019-12-14 15:32:34+00:00,1205873218613055489,https://twitter.com/Frenchycam/status/1205873218613055489,Robert The Bruce statue at Bannockburn Battlefield. Visited after my filming in Stirling. ,0,,Frenchycam,
50,2019-12-12 15:16:40+00:00,1205144443818594304,https://twitter.com/_thosememories/status/1205144443818594304,@the_overtones @mike_crawshaw Mike you was right about the statue of William wallace. He’s outside the theatre in Aberdeen and we’ve also got Robert the Bruce at Marischal College x ,0,,_thosememories,
51,2019-12-10 20:27:31+00:00,1204497894109327361,https://twitter.com/achtung_davie/status/1204497894109327361,"Robert the Bruce left Aberdeen a common good fund, which benefits the people of the city, hence the Statue. As for Scotland voting Labour, that's a waste of a vote mate, only way Labour win is with SNP joining forces with them and kicking the Tories to Fuck",0,,achtung_davie,
52,2019-12-07 21:29:50+00:00,1203426416181874688,https://twitter.com/tourscotland/status/1203426416181874688,"Tour #Scotland travel video Blog of a walk to the statue of #King #Robert the #Bruce, with #Scottish music, on ancestry visit to the battlefield at #Bannockburn near #Stirling. The cast bronze equestrian monument, featuring Bruce on his war horse https://tour-scotland-photographs.blogspot.com/2019/11/king-robert-bruce-statue-bannockburn.html",4,#Scotland #King #Robert #Bruce #Scottish #Bannockburn #Stirling,tourscotland,
53,2019-12-05 22:54:01+00:00,1202722823883644930,https://twitter.com/FJojiana/status/1202722823883644930,Visit Stirling and experience great Scottish history.Visit the Abbey Cathedral and Robert the Bruce statue and loads more exciting sites to see and do. ,0,,FJojiana,
54,2019-12-03 05:06:48+00:00,1201729473072320512,https://twitter.com/Reinair0903/status/1201729473072320512,"Lochmaben Townhall and Robert the Bruce Statue. . Lochmaben Townhall was built in 1877 and includes the steeple and other parts of an earlier Town Hall, built in 1723. In 1887 the niche in the centre of the front of… https://www.instagram.com/p/B5mRJQGI1wx/?igshid=yly3m9vf97gj",0,,Reinair0903,
55,2019-12-01 02:08:32+00:00,1200959836969672705,https://twitter.com/sheilamarkprod2/status/1200959836969672705,Robert the Bruce statue by Ben Victor of my 23rd great grandfather. Sheila https://www.facebook.com/sheilastrattonmarkhamza/posts/10215978722080404,0,,sheilamarkprod2,
56,2019-11-30 17:58:03+00:00,1200836403074088962,https://twitter.com/DJSibbald/status/1200836403074088962,Superb wander with the wee man to see the statue of Robert the Bruce today! Perfectly fitting to St Andrews day #standrewsday #scotland #robertthebruce #kingofscots @King Robert… https://www.instagram.com/p/B5f7CEEB87c-pMA4LJ7hP9qPq7faLxzmbihCDI0/?igshid=1135e7y2elymi,0,#standrewsday #scotland #robertthebruce #kingofscots,DJSibbald,
57,2019-11-28 20:40:15+00:00,1200152445797720065,https://twitter.com/CharlesMcGuiga2/status/1200152445797720065,Beautiful sunset over Bannockburn and the statue of King Robert the Bruce. @BeingScots @ThePhotoHour @ScotsMagazine @BBCScotWeather @AP_Magazine @Scottish_Banner @StormHour @POTW @AmateurPhotoMag @BannockburnNTS @ScotNational,29,,CharlesMcGuiga2,
58,2019-11-25 22:00:01+00:00,1199085356068548610,https://twitter.com/tourscotland/status/1199085356068548610,"Tour #Scotland travel video Blog of a walk to the statue of #King #Robert the #Bruce, with #Scottish music, on ancestry visit to the battlefield at #Bannockburn near #Stirling. The cast bronze equestrian monument, featuring Bruce on his war horse https://tour-scotland-photographs.blogspot.com/2019/11/king-robert-bruce-statue-bannockburn.html",4,#Scotland #King #Robert #Bruce #Scottish #Bannockburn #Stirling,tourscotland,
59,2019-11-22 15:19:26+00:00,1197897382383542273,https://twitter.com/56CDPS/status/1197897382383542273,We have had some great history detectives in Stirling today . Our first find was Robert the Bruce at Stirling Castle and our last was Robert the Bruce statue at Bannockburn. There was enough time for a little run about before we got back on the bus too! Fun packed day #cdpsdg7,1,#cdpsdg7,56CDPS,
60,2019-11-21 20:09:48+00:00,1197608067925528577,https://twitter.com/CharlesMcGuiga2/status/1197608067925528577,Beautiful sunset over Bannockburn and the statue of King Robert the Bruce. @VisitScotland @ScotsMagazine @BeingScots @StormHour @BannockburnNTS @ThePhotoHour @bbcweather @StirlingAWS @STVWeather @ScotNational,27,,CharlesMcGuiga2,
61,2019-11-19 22:16:25+00:00,1196915154732167168,https://twitter.com/tourscotland/status/1196915154732167168,"Tour #Scotland travel video of a walk to the statue of #King #Robert the #Bruce, with #Scottish music, on ancestry visit to the battlefield at #Bannockburn near #Stirling. The cast bronze equestrian monument, featuring Bruce on his war horse",0,#Scotland #King #Robert #Bruce #Scottish #Bannockburn #Stirling,tourscotland,
62,2019-11-16 00:00:15+00:00,1195491735499096064,https://twitter.com/ReflectingMan/status/1195491735499096064,"I once stood on the plinth holding the statue of Robert the Bruce and, when I got down, I claimed that I was descended from him; for the simple fact of the matter is that my real descendants stole sheep in the Cairngorms and although they ate well, they were scorned. ",0,,ReflectingMan,
63,2019-11-14 15:28:46+00:00,1195000630357741569,https://twitter.com/DumfriesVisit/status/1195000630357741569,Sunshine on Robert The Bruce statue in Castledykes Park. ,1,,DumfriesVisit,
64,2019-11-12 21:12:23+00:00,1194362328352837634,https://twitter.com/CindyFVK/status/1194362328352837634,Robert the Bruce statue- William Wallace monunent in the background. #Scotland #History,12,#Scotland #History,CindyFVK,
65,2019-11-12 12:29:11+00:00,1194230659876868097,https://twitter.com/dave333albiston/status/1194230659876868097,Wow! Superb!! {picture “At Bannockburn Robert The Bruce Statue as it approaches sunset” courtesy of Liam Kelly via FB} ,6,,dave333albiston,
66,2019-11-10 09:06:38+00:00,1193454911725289473,https://twitter.com/AndresUrbanoMed/status/1193454911725289473,"""We fight not for glory, nor for wealth, nor honour but only and alone for freedom which no good man surrenders but with his life."" Robert I the Bruce, King of the Scots. en King Robert the Bruce statue, Bannockburn https://www.instagram.com/p/B4reUJsIgOA/?igshid=1tqfqqf1pi3iw",0,,AndresUrbanoMed,
67,2019-11-05 22:49:55+00:00,1191850158532808705,https://twitter.com/tourscotland/status/1191850158532808705,"Tour #Scotland travel Blog video of the statue of #King #Robert the #Bruce on ancestry, genealogy, family history visit to the battlefield at #Bannockburn by #Stirling Battle was a significant #Scots victory in Wars of Scottish #Independence with #England https://tour-scotland-photographs.blogspot.com/2015/11/tour-scotland-video-king-robert-bruce.html",2,#Scotland #King #Robert #Bruce #Bannockburn #Stirling #Scots #Independence #England,tourscotland,
68,2019-11-05 22:06:57+00:00,1191839344849539072,https://twitter.com/BingoDemagogue/status/1191839344849539072,We have a statue of Robert the Bruce; as a feudal land owner he had indentured serfs; slaves on his land.,0,,BingoDemagogue,
69,2019-11-01 23:43:15+00:00,1190414025433202690,https://twitter.com/tourscotland/status/1190414025433202690,"Tour #Scotland Travel Blog video of the #Declaration of #Arbroath Statue on ancestry, genealogy, #Scottish family roots history visit to #Arbroath, #Angus depicts #Robert the #Bruce and #Bernard #De #Linton holding famous Declaration of Arbroath #Freedom ! https://tour-scotland-photographs.blogspot.com/2016/03/tour-scotland-video-declaration-of.html",2,#Scotland #Declaration #Arbroath #Scottish #Arbroath #Angus #Robert #Bruce #Bernard #De #Linton #Freedom,tourscotland,
70,2019-10-27 07:57:14+00:00,1188364013673033728,https://twitter.com/danny_ltd/status/1188364013673033728,"This morning’s sunrise from Stirling castle esplanade with King Robert the Bruce statue (king of Scotland from 1306-1329), and a little bird sitting on his head. @Stirlingcouk @StormHour @ThePhotoHour @Scotland #sunrise #ScotlandisNow",13,#sunrise #ScotlandisNow,danny_ltd,
71,2019-10-17 16:30:06+00:00,1184869204140478467,https://twitter.com/WFFAberdeen/status/1184869204140478467,"2 days to go! Saturday, 19th of October. Meet at Marischal Square, opposite the Robert the Bruce statue. 11am-12.30pm Wear black (if possible) Register online: http://www.a21.org/aberdeen-uk (or on... https://www.facebook.com/story.php?story_fbid=133983754670595&amp;id=109007207168250",0,,WFFAberdeen,
72,2019-10-16 09:30:24+00:00,1184401192618725378,https://twitter.com/aberdeencity/status/1184401192618725378,Practical jokers strike at Robert the Bruce statue outside Aberdeen City Council HQ. https://www.eveningexpress.co.uk/fp/news/local/practical-jokers-strike-at-aberdeen-statue/,1,,aberdeencity,
73,2019-10-14 17:56:49+00:00,1183803862551093249,https://twitter.com/1womanandadog/status/1183803862551093249,"The Battlefield at Bannockburn, Stirling. The statue is Robert the Bruce .",0,,1womanandadog,
74,2019-10-14 06:22:30+00:00,1183629131629633536,https://twitter.com/27Tawnyowl/status/1183629131629633536,"#ThisDay 1322 - Robert the Bruce of Scotland defeated King Edward II of England at the Battle of Old Byland in Yorkshire, forcing Edward to accept Scotland's independence. There is a statue of Robert the Bruce at Lochmaben, where his family had their castle. ",1,#ThisDay,27Tawnyowl,
75,2019-10-10 16:30:55+00:00,1182332692370804737,https://twitter.com/MadelineMMartin/status/1182332692370804737,"#HistoryThursday: this statue of Robert the Bruce was restored in 2013, and was made using the actual dimensions of Bruce's skull (discovered in 1818). The statute is at Battle of Bannockburn site, near Stirling. Article on it: ",0,#HistoryThursday,MadelineMMartin,
76,2019-10-09 13:56:41+00:00,1181931491149963264,https://twitter.com/sgrinders5098/status/1181931491149963264,"Yes, anyone in Stirling at the Robert the Bruce statue with kilts on burning the Union Jack! Open your eyes!",0,,sgrinders5098,
77,2019-10-02 22:16:37+00:00,1179520587036790784,https://twitter.com/tourscotland/status/1179520587036790784,"Tour #Scotland travel Blog video of the statue of #King #Robert the #Bruce on ancestry, genealogy, family history visit to the battlefield at #Bannockburn by #Stirling Battle was a significant #Scots victory in Wars of Scottish #Independence with #England https://tour-scotland-photographs.blogspot.com/2015/11/tour-scotland-video-king-robert-bruce.html",2,#Scotland #King #Robert #Bruce #Bannockburn #Stirling #Scots #Independence #England,tourscotland,
78,2019-09-25 22:21:29+00:00,1176985099809767436,https://twitter.com/finniedfs/status/1176985099809767436,"It's about time they took down the statue of Lord Wellington, and replaced it with one of King Robert the Bruce, or William Wallace .",0,,finniedfs,
79,2019-09-21 07:54:20+00:00,1175317322824859648,https://twitter.com/BannockburnNTS/status/1175317322824859648,How incredible are these photos of our Robert the Bruce statue against last night's sunset? ,4,,BannockburnNTS,
80,2019-09-14 13:56:39+00:00,1172871785433485315,https://twitter.com/GlasgowAlbum/status/1172871785433485315,"Sturgeon flanked by the Stirling statue of Robert the Bruce, the brutal warlord who gave Edward a siege engine to capture Stirling Castle. What 'force for good', and how Can Scotland be a carbon neutral 'economic powerhouse'? ",13,,GlasgowAlbum,
81,2019-09-13 12:59:10+00:00,1172494932508061696,https://twitter.com/StephanieRushf2/status/1172494932508061696,Bonnie Robert the Bruce statue ,2,,StephanieRushf2,
82,2019-09-05 13:12:38+00:00,1169599216865484801,https://twitter.com/carebear309/status/1169599216865484801,"I'm at Robert the Bruce's Statue in Stirling, Stirlingshire ",0,,carebear309,
83,2019-09-04 17:04:22+00:00,1169295146883719174,https://twitter.com/AJRClegg/status/1169295146883719174,"A model of Sterling Castle and of course, a statue of King Robert the Bruce. ",0,,AJRClegg,
84,2019-09-03 05:53:29+00:00,1168763925447315456,https://twitter.com/transmachina/status/1168763925447315456,real friendship is @debsbasement using a photo of me squatting in front of a statue of robert the bruce at sterling castle as her phone’s lock screen,0,,transmachina,
85,2019-09-01 12:40:05+00:00,1168141475890249728,https://twitter.com/BikeGuided/status/1168141475890249728,"Guided ride in #Aberdeen Sun 8th Sept 2019 11:00am. Starts at the Robert the Bruce statue outside Marischal college, a 7.5 mile route round all the sites of the Granite City. (link: https://www.letsride.co.uk/rides/aberdeen-beginners-5) http://letsride.co.uk/rides/aberdeen… #LetsRide #Cycling",1,#Aberdeen #LetsRide #Cycling,BikeGuided,
86,2019-08-31 13:58:35+00:00,1167798843544612864,https://twitter.com/richardlaing123/status/1167798843544612864,"Model of Robert the Bruce statue. Photogrammetry from iPhone video, using @RealityCapture_ #Aberdeen",0,#Aberdeen,richardlaing123,
87,2019-08-28 14:40:13+00:00,1166722155607920640,https://twitter.com/BikeGuided/status/1166722155607920640,"Guided ride in #Aberdeen Sun 8th Sept 2019 11:00am. Starts at the Robert the Bruce statue outside Marischal college, a 7.5 mile route round all the sites of the Granite City. (link: http://ow.ly/ajcW50vIwTI) http://ow.ly/vKzK50vIwTH… #LetsRide #Cycling @RideLeaderABZ",0,#Aberdeen #LetsRide #Cycling,BikeGuided,
88,2019-08-26 19:30:21+00:00,1166070394538930177,https://twitter.com/pauldiming/status/1166070394538930177,"Robert The Bruce Monument @Stirling Castle - Stirling, Scotland, UK. This statue commemorates the victory of Robert The Bruce's Scottish army against the forces of King Edward II at Bannockburn in 1314. #travel #scotland https://flic.kr/p/2gdyD8j",0,#travel #scotland,pauldiming,
89,2019-08-20 21:11:58+00:00,1163921642583707648,https://twitter.com/KimMcGlinchey/status/1163921642583707648,"This was taken at Bannockburn, the Robert the Bruce, King of the Scots, statue. #VisitScotland #Bannockburn #RoberttheBruce #sunset",0,#VisitScotland #Bannockburn #RoberttheBruce #sunset,KimMcGlinchey,
90,2019-08-20 10:35:47+00:00,1163761538244775938,https://twitter.com/deletedbyMPs/status/1163761538244775938,DT Angus B MacNeil MP: RT Scotland Forever: BREAKING Historic Environment Scotland has called in bulldozers to remove the statue of King Robert the Bruce from Stir… http://pltwps.it/_lvPJvZj,0,,deletedbyMPs,
91,2019-08-15 16:01:18+00:00,1162031520628035585,https://twitter.com/Rob_ismyname/status/1162031520628035585,My brother recently gave me this Robert the Bruce statue he got while he was in Edinburgh. Not a bad addition to the shelf! (And he gets to be accompanied by the oh-so-historical Braveheart William Wallace funko pop. Partners in crime!) #writingcommunity,0,#writingcommunity,Rob_ismyname,
92,2019-08-15 14:00:36+00:00,1162001146787041281,https://twitter.com/rodsager/status/1162001146787041281,Robert the Bruce statue #AberdeenScotland,0,#AberdeenScotland,rodsager,
93,2019-08-14 23:13:44+00:00,1161777957800747009,https://twitter.com/AlbatoolAShaikh/status/1161777957800747009,"What does your dream bedroom look like? — Big bed. No pillows. TV screen and an AppleTV. A bigass library, and a statue of Robert the Bruce. https://curiouscat.me/AlbatoolAlshaikh/post/957715961?t=1565824424",0,,AlbatoolAShaikh,
94,2019-08-11 07:06:29+00:00,1160447376944959489,https://twitter.com/BikeGuided/status/1160447376944959489,"Guided ride in #Aberdeen Sun 18th August 2019 11:00am. Starts at the Robert the Bruce statue outside Marischal college, a 7.5 mile route round all the sites of the Granite City. https://www.letsride.co.uk/rides/aberdeen-beginners-5 #LetsRide #Cycling",2,#Aberdeen #LetsRide #Cycling,BikeGuided,
95,2019-08-10 23:52:14+00:00,1160338095344103424,https://twitter.com/tourscotland/status/1160338095344103424,"Tour #Scotland Travel Blog video of the #Declaration of #Arbroath Statue on ancestry, genealogy, #Scottish family roots history visit to #Arbroath, #Angus depicts #Robert the #Bruce and #Bernard #De #Linton holding famous Declaration of Arbroath #Freedom ! https://tour-scotland-photographs.blogspot.com/2016/03/tour-scotland-video-declaration-of.html",3,#Scotland #Declaration #Arbroath #Scottish #Arbroath #Angus #Robert #Bruce #Bernard #De #Linton #Freedom,tourscotland,
96,2019-08-09 22:32:50+00:00,1159955726065967105,https://twitter.com/tourscotland/status/1159955726065967105,"Tour #Scotland travel Blog video of the statue of #King #Robert the #Bruce on ancestry, genealogy, family history visit to the battlefield at #Bannockburn by #Stirling The battle was a significant #Scots victory in the First War of Scottish #Independence https://tour-scotland-photographs.blogspot.com/2015/11/tour-scotland-video-king-robert-bruce.html",4,#Scotland #King #Robert #Bruce #Bannockburn #Stirling #Scots #Independence,tourscotland,
97,2019-08-08 13:51:50+00:00,1159462222449577984,https://twitter.com/JohnLanting6/status/1159462222449577984,"See this wooden statue of a great Scottish man, a Warrior, a hero. Robert the Bruce https://twitter.com/JohnLanting6/status/940881165766012928 @TheBruce700 @KingofScots1328",0,,JohnLanting6,
98,2019-08-08 07:01:54+00:00,1159359062183538692,https://twitter.com/Photo4Stock/status/1159359062183538692,"The magnificent structure of the #Stirling #Castle, with the tall walls (on the slopes of a hill) and with a path slowly making its way into the Castle (past a statue of Robert the Bruce). #RobertBruce #StirlingCastle #StockPhoto",0,#Stirling #Castle #RobertBruce #StirlingCastle #StockPhoto,Photo4Stock,
99,2019-07-22 18:08:47+00:00,1153366292243632128,https://twitter.com/harry_historian/status/1153366292243632128,"I’m in Stirling at the site of the Battle of Bannockburn, where Robert the Bruce defeated the English in 1314. Calgary’s Eric Harvie was instrumental in having this statue of him placed here in 1964. Harvie also placed an identical one next to @itsallatthejube in #YYC.",5,#YYC,harry_historian,
100,2019-07-20 13:15:55+00:00,1152567815259508736,https://twitter.com/fifetours/status/1152567815259508736,"fifetours out and about for a couple of days featuring pictures of the Abbey, with the tomb of king Robert the Bruce, a statue of Andrew Carnegie in Pittencrieff Park bought by him in 1902 and gifted to the town, with some of the Abbey and Palace. ",0,,fifetours,
101,2019-07-20 12:49:52+00:00,1152561260384456704,https://twitter.com/JohnStewart1983/status/1152561260384456704,Robert The Bruce statue at Bannockburn. #BattlefieldStudy,0,#BattlefieldStudy,JohnStewart1983,
102,2019-07-15 13:03:56+00:00,1150752861799755778,https://twitter.com/nickimcclelland/status/1150752861799755778,@StirObserver Sunset over Robert The Bruce Statue on Sunday night ,0,,nickimcclelland,
103,2019-07-11 13:30:34+00:00,1149310010272337920,https://twitter.com/stirlingcastle/status/1149310010272337920,"Happy Birthday to Robert the Bruce, whose mighty statue welcomes our visitors every day on the castle esplanade. He was born #OTD in 1274.",4,#OTD,stirlingcastle,
104,2019-07-11 10:25:05+00:00,1149263331284398081,https://twitter.com/edinburghcastle/status/1149263331284398081,"Happy Birthday to Robert the Bruce, born on this day in 1274. Keep an eye out for his statue as you cross the drawbridge! #EdinburghCastle",41,#EdinburghCastle,edinburghcastle,
105,2019-07-11 06:40:20+00:00,1149206772466499585,https://twitter.com/27Tawnyowl/status/1149206772466499585,"#ThisDay 1274 - Robert the Bruce, King of Scotland was born. (There is a statue at Banockburn ) His body is buried in Dunfermline Abbey, while it is believed his heart was interred in Melrose Abbey.",0,#ThisDay,27Tawnyowl,
106,2019-07-10 13:21:58+00:00,1148945458846416898,https://twitter.com/karma1314/status/1148945458846416898,Why is the service named 1314 if it doesn’t hop off/on at @BannockburnNTS? Surely tourists would think a bus service named 1314 would take in the Battle of Bannockburn visitor centre and Robert the Bruce statue?,0,,karma1314,
107,2019-07-10 12:31:51+00:00,1148932846511435776,https://twitter.com/karma1314/status/1148932846511435776,The hop on hop off bus is called Service 1314 but doesn’t travel to @BannockburnNTS? Where the famous 1314 Battle of Bannockburn was fought and your bus service is named after? Surely tourists to Stirling would want to visit the Robert the Bruce statue and the Visitor Centre too?,1,,karma1314,
108,2019-07-09 14:58:30+00:00,1148607364154777603,https://twitter.com/FreeDAnimation/status/1148607364154777603,"Having seen Robert The Bruce at the cinema, #BrucieTheBear was wondering how he could become King of Scotland. Then he got the idea to pop into Doctor Who's TARDIS &amp; discovered they will erect a statue in his honour in the future. ",0,#BrucieTheBear,FreeDAnimation,
109,2019-07-09 12:32:12+00:00,1148570547405692930,https://twitter.com/jackh1888/status/1148570547405692930,Might as well have Robert the Bruce's statue as Steve Bruce.,0,,jackh1888,
110,2019-07-07 08:39:07+00:00,1147787112701452289,https://twitter.com/MrSPECTRUM7/status/1147787112701452289,Robert The Bruce was born on the 11th July 1274 at Turnberry Castle. We will be remembering this Great Scottish Hero at the place of his greatest triumph Bannockburn. Come &amp; join us at the Robert The Bruce Statue... https://www.facebook.com/MrSPECTRUM7/posts/2387479174666185,0,,MrSPECTRUM7,
111,2019-07-06 21:15:12+00:00,1147615001001234433,https://twitter.com/jmbraatdesign/status/1147615001001234433,Black and white photograph of Bannockburn Battlefield and the Statue of King Robert The Bruce ,0,,jmbraatdesign,
112,2019-07-06 08:41:20+00:00,1147425283017854977,https://twitter.com/SamScottish5/status/1147425283017854977,"'Robert the Bruce statue, Aberdeen, Scotland. The fabulous bronze sculptured image of the Bruce by Alan Beattie Heriot, is seen holding up the document of the Charter which he granted to the common people of Aberdeen for lands in Aberdeen marked by a boundary of Stone markers.' ",0,,SamScottish5,
113,2019-07-04 19:18:07+00:00,1146860758157987840,https://twitter.com/KrisBixby/status/1146860758157987840,Robert the Bruce statue at Stirling Castle ,0,,KrisBixby,
114,2019-07-04 14:49:48+00:00,1146793234028322822,https://twitter.com/_julialeigh/status/1146793234028322822," King Robert the Bruce statue outside Stirling Castle ⠀⠀ Stirling, ⠀⠀ • ••• ••• #travel #travelgram #studyabroad #abroad #visitscotland #scotland #travelphotography #travelling #uk #visituk #uktravel… https://www.instagram.com/p/Bzf7CgIhMN5/?igshid=59923xzhtto4",0,#travel #travelgram #studyabroad #abroad #visitscotland #scotland #travelphotography #travelling #uk #visituk #uktravel,_julialeigh,
115,2019-07-02 18:32:09+00:00,1146124418512543744,https://twitter.com/AlastairBruce_/status/1146124418512543744,"Fine picture with the additional detail that to this @scots_guards Guardsman’s left is the statue of King Robert the Bruce and, above this flies my gubernatorial flag #edinburgh",1,#edinburgh,AlastairBruce_,
116,2019-06-29 18:17:44+00:00,1145033626549202944,https://twitter.com/Robert1969Rob/status/1145033626549202944,Robert the Bruce statue outside #Stirlingcastle #Monochrome #photography #blackandwhitephotography,1,#Stirlingcastle #Monochrome #photography #blackandwhitephotography,Robert1969Rob,
117,2019-06-28 21:43:41+00:00,1144723065038880768,https://twitter.com/CabbiesforYes/status/1144723065038880768,Love this thread. Everyone with a link to Robert the Bruce. Here’s another; watch the film in Edinburgh and visit his statue at Edinburgh Castle &amp; at the National Portrait Gallery.,0,,CabbiesforYes,
118,2019-06-27 20:29:13+00:00,1144341939757752322,https://twitter.com/SolwayTours/status/1144341939757752322,A3. There are so many great places right on our door stop to explore! Castledykes Park is a great family friendly park and the new Robert the Bruce Statue and murals are a great addition! #LoveDandG #solwaykids,6,#LoveDandG #solwaykids,SolwayTours,
119,2019-06-27 20:10:11+00:00,1144337146385502208,https://twitter.com/MostlyGhostly_/status/1144337146385502208,A1 Picnic and play in gorgeous Castledykes Park and discover local history with the fantastic new statue and murals of Robert the Bruce! #LoveDandG #SolwayKids,2,#LoveDandG #SolwayKids,MostlyGhostly_,
120,2019-06-23 12:34:22+00:00,1142772886568087552,https://twitter.com/PoliticsScot/status/1142772886568087552,Get that shite off ma castle. Statue of Robert the Bruce at the front too. ,28,,PoliticsScot,
121,2019-06-20 17:04:28+00:00,1141753697258676225,https://twitter.com/e_l_piper/status/1141753697258676225,"King Robert the Bruce statue by Andrew Graham - Statue of King Robert the Bruce at the Heritage Centre, Bannockburn, Stirling, Scotland, UK. Silhouette of the statue. ",0,,e_l_piper,
122,2019-06-18 13:10:39+00:00,1140970079716331521,https://twitter.com/TheSuzieQLife/status/1140970079716331521,Took a trip to Stirling via Bannockburn on Saturday afternoon. The Robert the Bruce statue is an amazing sight! #ScotSpirit @VisitScotland #Bannockburn,2,#ScotSpirit #Bannockburn,TheSuzieQLife,
123,2019-06-18 05:20:32+00:00,1140851767799963648,https://twitter.com/ITVborder/status/1140851767799963648,Good morning @SarahKellyITV has your @ITVborder @GMB headlines -Man charged with assault following attack in Whitehaven -Campaigners claim electrification of the Borders Railway could deliver better service -Statue of Robert the Bruce unveiled in Dumfries' Castledykes Park ,1,,ITVborder,
124,2019-06-17 14:22:16+00:00,1140625712644263936,https://twitter.com/ITVCharlotte/status/1140625712644263936,A statue of Robert the Bruce is being unveiled in Castledykes Park in #Dumfries - it will stand close to a planned Bruce Heritage Centre,1,#Dumfries,ITVCharlotte,
125,2019-06-14 20:16:00+00:00,1139627568024424448,https://twitter.com/polscothorses/status/1139627568024424448,Lockerbie and Logie were in Bannockburn today and visited the Robert The Bruce statue. ,18,,polscothorses,
126,2019-06-13 21:32:15+00:00,1139284368801914880,https://twitter.com/MrMichaelEU/status/1139284368801914880,"Played by that Robert the Bruce statue as a child every summer, in my grandfather’s home town of Bannockburn. Happy memories. ",0,,MrMichaelEU,
127,2019-06-13 19:29:21+00:00,1139253441593786368,https://twitter.com/pauldiming/status/1139253441593786368,"Robert The Bruce Monument @Stirling Castle - Stirling, Scotland, UK. This statue commemorates the victory of Robert The Bruce's Scottish army against the forces of King Edward II at Bannockburn in 1314. #travel #scotland https://flic.kr/p/2gdyD8j",1,#travel #scotland,pauldiming,
128,2019-06-10 19:29:19+00:00,1138166271567118337,https://twitter.com/pauldiming/status/1138166271567118337,"Statue of Robert the Bruce by Pilkington Jackson - Bannockburn, Scotland, UK. in 2013, Culture Secretary Fiona Hyslop said: ""The Robert the Bruce statue is an iconic part of the Bannockburn site and a poignant reminder of the battle."" #travel #scotland https://flic.kr/p/2gbTCrV",0,#travel #scotland,pauldiming,
129,2019-06-09 20:29:56+00:00,1137819137076539392,https://twitter.com/LJHAMMOND1/status/1137819137076539392,"Lochmaben, Dumfries & Galloway, April 1998. The statue features Robert the Bruce, who defeated the English army at Bannockburn. ",0,,LJHAMMOND1,
130,2019-06-09 16:02:00+00:00,1137751708237328384,https://twitter.com/cartivist/status/1137751708237328384,#SomethingScottish is this statue of King Robert I of Scotland (known as Robert the Bruce) at Stirling Castle. Photo from the Dixon-Scott collection @UKNatArchives [INF 9/138/4] #IAD19 #IAD2019,4,#SomethingScottish #IAD19 #IAD2019,cartivist,
131,2019-06-08 06:31:36+00:00,1137245777271672834,https://twitter.com/cookiris14/status/1137245777271672834,"#OnThisDay in 1329, Robert the Bruce died. His statue is at the entrance to the castle, take a look when you are next crossing the drawbridge #EdinburghCastle Run to the movies",5,#OnThisDay #EdinburghCastle,cookiris14,
132,2019-06-08 06:29:14+00:00,1137245179881119744,https://twitter.com/cookiris14/status/1137245179881119744,"#OnThisDay in 1329, Robert the Bruce died. His statue is at the entrance to the castle, take a look when you are next crossing the drawbridge #EdinburghCastle",0,#OnThisDay #EdinburghCastle,cookiris14,
133,2019-06-07 14:30:52+00:00,1137003997557141507,https://twitter.com/edinburghcastle/status/1137003997557141507,"#OnThisDay in 1329, Robert the Bruce died. His statue is at the entrance to the castle, take a look when you are next crossing the drawbridge. #EdinburghCastle",95,#OnThisDay #EdinburghCastle,edinburghcastle,
134,2019-06-07 12:06:00+00:00,1136967540968525824,https://twitter.com/MercatToursLtd/status/1136967540968525824,Today marks the anniversary of Robert the Bruce's death. You can see a statue of him at the entrance to Edinburgh Castle. Take a look out for it if you visit with us on Secrets of the Royal Mile! #DYK #OTD,0,#DYK #OTD,MercatToursLtd,
135,2019-06-07 06:25:29+00:00,1136881847655227392,https://twitter.com/RowenaMonde/status/1136881847655227392,"Speaking of Robert the Bruce, here's his statue in Stirling ",1,,RowenaMonde,
136,2019-06-03 04:32:41+00:00,1135403911479562242,https://twitter.com/Nyomandian/status/1135403911479562242,statue of Robert the Bruce via wikipedia ,3,,Nyomandian,
137,2019-05-30 21:31:49+00:00,1134210830818598912,https://twitter.com/barss_freddie/status/1134210830818598912,"oidhche mhath ( goodnight ) everyone . ...... statue of Robert the Bruce , Bannockburn . ",3,,barss_freddie,
138,2019-05-24 06:17:59+00:00,1131806531404668928,https://twitter.com/Maxplore_app/status/1131806531404668928,Take a photo at Robert the Bruce Statue and get 48 points on Maxplore ranking!! #GoMaxplore #MaxploreIt #Maxplore #travel #travelust #trip #world #wanderlust #travelstagram #instatravel #explore #app #photography #instaphoto #travelphotography #photooftheday,2,#GoMaxplore #MaxploreIt #Maxplore #travel #travelust #trip #world #wanderlust #travelstagram #instatravel #explore #app #photography #instaphoto #travelphotography #photooftheday,Maxplore_app,
139,2019-05-23 16:09:19+00:00,1131592955750420481,https://twitter.com/CharlesMcGuiga2/status/1131592955750420481,Sunset at Bannockburn and the statue of King Robert the Bruce. @VisitScotland @StormHour @POTW @BeingScots @ScotsMagazine @AP_Magazine @1314 @BattleofBannock,20,,CharlesMcGuiga2,
140,2019-05-21 12:11:37+00:00,1130808363653238784,https://twitter.com/MarkMassonPhot1/status/1130808363653238784,"Broad Street, Aberdeen fountains dancing. Found between Marischal Square and Marischal College next to the statue of Robert the Bruce. HDR Effect applied in images Nikon D3400, AF-P NIKKOR 18-55mm ",3,,MarkMassonPhot1,
141,2019-05-20 21:00:55+00:00,1130579175067275265,https://twitter.com/KillerMoff/status/1130579175067275265,"What better thing to do before the #gameofthronesfinale @King Robert the Bruce statue, Bannockburn https://www.instagram.com/p/Bxstvgxj_n6/?igshid=42usgtghydb6",0,#gameofthronesfinale,KillerMoff,
142,2019-05-16 00:39:13+00:00,1128822175962619904,https://twitter.com/giustreelfeels/status/1128822175962619904,"That’s correct, the statue of Robert the Bruce, portrait of King Edward ‘Longshanks’ the First, Stirling Bridge and a leine correct dress for Scots of that period. Kilts came along 300 years later.",0,,giustreelfeels,
143,2019-05-15 10:53:09+00:00,1128614287763701760,https://twitter.com/GovanSnp/status/1128614287763701760,R/T ScotNational The sun sets behind the statue of Robert the Bruce on his war horse at the Battle of Bannockburn site near Stirling. Photograph: Jane Barlow/PA ,0,,GovanSnp,
144,2019-05-15 10:47:00+00:00,1128612739390242816,https://twitter.com/ScotNational/status/1128612739390242816,The sun sets behind the statue of Robert the Bruce on his war horse at the Battle of Bannockburn site near Stirling. Photograph: Jane Barlow/PA ,6,,ScotNational,
145,2019-05-14 11:26:05+00:00,1128260186362322947,https://twitter.com/bbcweather/status/1128260186362322947,The sun sets behind the statue of Robert the Bruce on his war horse at the Battle of Bannockburn site near Stirling yesterday. ,6,,bbcweather,
146,2019-05-09 22:47:23+00:00,1126619704859164672,https://twitter.com/tourscotland/status/1126619704859164672,"Tour #Scotland Travel Blog video of the #Declaration of #Arbroath Statue on ancestry, genealogy, #Scottish family roots history visit to #Arbroath, #Angus depicts #Robert the #Bruce and #Bernard #De #Linton holding famous Declaration of Arbroath https://tour-scotland-photographs.blogspot.com/2016/03/tour-scotland-video-declaration-of.html #Freedom !",2,#Scotland #Declaration #Arbroath #Scottish #Arbroath #Angus #Robert #Bruce #Bernard #De #Linton #Freedom,tourscotland,
147,2019-05-06 13:09:59+00:00,1125387233052241926,https://twitter.com/DanLafferty/status/1125387233052241926,Robert the Bruce King of Scots not far from where his standard was raised on the battlefield at Bannockburn. #robertthebruce #bannockburn #1314 #scotland #history #battleofbannockburn #statue http://bit.ly/2V6aD4S,0,#robertthebruce #bannockburn #scotland #history #battleofbannockburn #statue,DanLafferty,
148,2019-05-02 21:01:57+00:00,1124056454686814208,https://twitter.com/CharlesMcGuiga2/status/1124056454686814208,Sunset over Bannockburn at the statue of King Robert the Bruce. @BeingScots @ScotsMagazine @VisitScotland @AP_Magazine @StormHour @BattleofBannock @BBCScotWeather,22,,CharlesMcGuiga2,
149,2019-05-01 17:41:29+00:00,1123643616382148608,https://twitter.com/UndisScot/status/1123643616382148608,"Town Hall and statue of Robert the Bruce in the ancient town of Lochmaben in Dumfries &amp; Galloway, whose origins date back to the building of the first Lochmaben Castle by the Bruce family in 1160s. More pics and info: https://www.undiscoveredscotland.co.uk/lochmaben/lochmaben/index.html",7,,UndisScot,
150,2019-04-26 21:37:56+00:00,1121891184660578304,https://twitter.com/Tigerlily723/status/1121891184660578304,Would like to visit to see the statue of Robert the Bruce.,0,,Tigerlily723,
151,2019-04-20 13:27:50+00:00,1119593520464039936,https://twitter.com/GMacdonaldMSP/status/1119593520464039936,In Aberdeen for a couple of days and came across this statue of Robert the Bruce. Great to speak to the @AyeAberdeen who were getting a great response from the public.,9,,GMacdonaldMSP,
152,2019-04-14 21:07:35+00:00,1117534891896446976,https://twitter.com/tourscotland/status/1117534891896446976,"Tour #Scotland Travel Blog video of the #Declaration of #Arbroath Statue on ancestry, genealogy, family roots history visit to #Arbroath, #Angus depicts Robert the Bruce and Bernard De Linton holding famous Declaration of Arbroath https://tour-scotland-photographs.blogspot.com/2016/03/tour-scotland-video-declaration-of.html",5,#Scotland #Declaration #Arbroath #Arbroath #Angus,tourscotland,
153,2019-04-10 18:58:12+00:00,1116052777225150465,https://twitter.com/Adam_Forgie/status/1116052777225150465,"Popped out for a few beverages! — at King Robert the Bruce statue, Bannockburn https://www.facebook.com/727364765/posts/10157254856884766/",0,,Adam_Forgie,
154,2019-04-06 16:59:38+00:00,1114573390558453761,https://twitter.com/2gunz11/status/1114573390558453761,A statue of you right beside Robert the Bruce in Stirling,0,,2gunz11,
155,2019-03-27 17:43:37+00:00,1110960578091196416,https://twitter.com/Mike_Neale/status/1110960578091196416,Chilling with the statue of Sir Robert the Bruce at the site of the the battle of Bannockburn. Just a slightly important event in Scottish history. @MarkBruce4,1,,Mike_Neale,
156,2019-03-27 12:43:46+00:00,1110885121383694336,https://twitter.com/fifetours/status/1110885121383694336,Fife tiours in Striling with the castle and statue of king Robert the Bruce. ,0,,fifetours,
157,2019-03-26 11:41:21+00:00,1110507025472065536,https://twitter.com/WLStJohns/status/1110507025472065536,Fantastic morning at the Battle of Bannockburn Centre. We found the statue of King Robert the Bruce! ,0,,WLStJohns,
158,2019-03-24 14:05:13+00:00,1109818454134149120,https://twitter.com/AdamSmi52578766/status/1109818454134149120,The King Robert the Bruce statue at Edinburgh castle gatehouse. The statue was erected in 1929 to commemorate the 600th anniversary of the great warrior king's death. https://www.facebook.com/permalink.php?story_fbid=2351758391558488&amp;id=490401241027555,1,,AdamSmi52578766,
159,2019-03-23 04:40:01+00:00,1109313827835777025,https://twitter.com/1stlovescotland/status/1109313827835777025,"The Robert the Bruce Statue and the William Wallace Monument. Edinburgh, Scotland. #lovescotland #1stscotland #1sttheworld #scottishclans",2,#lovescotland #1stscotland #1sttheworld #scottishclans,1stlovescotland,
160,2019-03-22 14:00:01+00:00,1109092369410854915,https://twitter.com/LennoxHerald/status/1109092369410854915,What Robert the Bruce statue could look like in #Dumbarton,0,#Dumbarton,LennoxHerald,
161,2019-03-22 08:32:43+00:00,1109010003409686528,https://twitter.com/X_Sticks_Real/status/1109010003409686528,"Anti #brexit Flashmob Aberdeen 22 March 2019 11:00 SCOTLAND STANDING WITH EUROPE...Brexit Flash Mob at The Robert The Bruce Statue, Marischal College, Aberdeen ",0,#brexit,X_Sticks_Real,
162,2019-03-22 08:00:00+00:00,1109001770431365120,https://twitter.com/LennoxHerald/status/1109001770431365120,What Robert the Bruce statue could look like in #Dumbarton https://www.dailyrecord.co.uk/news/local-news/what-robert-bruce-statue-could-14170093?utm_source=twitter.com&amp;utm_medium=social&amp;utm_campaign=sharebar,3,#Dumbarton,LennoxHerald,
163,2019-03-22 07:04:05+00:00,1108987696721084416,https://twitter.com/Shulab/status/1108987696721084416,#History: “What Robert the Bruce statue could look like in Dumbarton.” #Historical #Timeline #Culture #Society #Facts #evidence #today #fact #knowledge https://ift.tt/2Tof0Yn,0,#History #Historical #Timeline #Culture #Society #Facts #evidence #today #fact #knowledge,Shulab,
164,2019-03-21 20:20:33+00:00,1108825745839833088,https://twitter.com/IndigoFast/status/1108825745839833088,#NewScotland What Robert the Bruce statue could look like in Dumbarton https://www.dailyrecord.co.uk/news/local-news/what-robert-bruce-statue-could-14170093?utm_source=twitter.com&amp;utm_medium=social&amp;utm_campaign=sharebar,0,#NewScotland,IndigoFast,
165,2019-03-20 00:12:31+00:00,1108159345949323264,https://twitter.com/TheMainstand/status/1108159345949323264,"> you have no right to use a photo of Robert the Bruce statue, if you lack the fundamental understanding of power and politics @JoeMcGuireYes, #indyref",0,#indyref,TheMainstand,
166,2019-03-14 03:28:56+00:00,1106034450381660169,https://twitter.com/EsotericTartan/status/1106034450381660169,Look at this amazing picture of the Robert the Bruce statue at #Bannockburn,0,#Bannockburn,EsotericTartan,
167,2019-03-12 10:45:02+00:00,1105419420950843397,https://twitter.com/AngeloKrg/status/1105419420950843397,"A view from the castle of Stirling on top of the Castle Hill, Scotland. On the left is the statue of Robert the Bruce and maybe on the right you can discern the Wallace Monument on the top of a small hill. ",19,,AngeloKrg,
168,2019-03-10 06:38:50+00:00,1104632688374214656,https://twitter.com/aberdeen104/status/1104632688374214656,"The only thing they turned it into council offices which is ok I suppose, but they made a magnifcent job of cleaning it up. The statue is of King Robert The Bruce.",0,,aberdeen104,
169,2019-03-05 23:47:48+00:00,1103079698312192000,https://twitter.com/LordWoolamaloo/status/1103079698312192000,"Taken this day 2016 ""Here lies our land..."" https://www.flickr.com/photos/woolamaloo_gazette/25478196072/in/datetaken/lightbox/ Statue of Robert the Bruce, King of Scots. Field of Bannockburn, Stirling. #Scotland #Photography #History",1,#Scotland #Photography #History,LordWoolamaloo,
170,2019-03-05 11:13:09+00:00,1102889781812441088,https://twitter.com/jikdmmen/status/1102889781812441088,Pity you couldn’t get the Statue of Robert the Bruce in as well Neil ,0,,jikdmmen,
171,2019-02-26 16:16:15+00:00,1100429345808662530,https://twitter.com/JohnGil81619659/status/1100429345808662530,@SeanBattySTV pic from the Robert the Bruce statue in Bannockburn this morning ,0,,JohnGil81619659,
172,2019-02-26 06:38:50+00:00,1100284035140632576,https://twitter.com/jason_curl/status/1100284035140632576,@BeingScots Drone shot From the Robert The Bruce Statue in Bannockburn,0,,jason_curl,
173,2019-02-24 21:07:33+00:00,1099777877887930368,https://twitter.com/fabfifilly/status/1099777877887930368,With the Statue of Robert The Bruce. Scotland. ,0,,fabfifilly,
174,2019-02-21 23:44:59+00:00,1098730333053300736,https://twitter.com/tourscotland/status/1098730333053300736,"Tour #Scotland Travel Blog video of the #Declaration of #Arbroath Statue on ancestry, genealogy, family roots history visit to #Arbroath, #Angus depicts Robert the Bruce and Bernard De Linton holding famous Declaration of Arbroath https://tour-scotland-photographs.blogspot.com/2016/03/tour-scotland-video-declaration-of.html",1,#Scotland #Declaration #Arbroath #Arbroath #Angus,tourscotland,
175,2019-02-20 23:19:13+00:00,1098361459266998272,https://twitter.com/tourscotland/status/1098361459266998272,"Tour #Scotland travel photograph of The #King #Robert #The #Bruce Statue on ancestry visit to the defining #Battle of #Bannockburn site which took place in 1314 between forces of #Scotland and #England, #Freedom !",3,#Scotland #King #Robert #The #Bruce #Battle #Bannockburn #Scotland #England #Freedom,tourscotland,
176,2019-02-20 23:10:34+00:00,1098359284415504385,https://twitter.com/tourscotland/status/1098359284415504385,Tour #Scotland travel video of statue of #King #Robert the #Bruce on ancestry visit to battlefield at #Bannockburn near #Stirling. The defining #Battle of #Bannockburn which took place in 1314 between forces of #Scotland and #England,1,#Scotland #King #Robert #Bruce #Bannockburn #Stirling #Battle #Bannockburn #Scotland #England,tourscotland,
177,2019-02-20 22:04:24+00:00,1098342631548076032,https://twitter.com/tourscotland/status/1098342631548076032,Tour #Scotland travel video of a drive East from #Glasgow on the M80 and M9 motorawy to visit the #King #Robert the #Bruce Statue on ancestry visit to the #Battle of #Bannockburn site near #Stirling,1,#Scotland #Glasgow #King #Robert #Bruce #Battle #Bannockburn #Stirling,tourscotland,
178,2019-02-18 07:21:48+00:00,1097395742115799041,https://twitter.com/Cardwenne/status/1097395742115799041,Photo prise sur le site de commémoration de la bataille de Bannockburn 1314 qui se situe tout près de Stirling avec la statue de Robert the Bruce. Photo prise en août 2018 et partagé avec tourisme Auvergne ,0,,Cardwenne,
179,2019-02-17 14:25:12+00:00,1097139908634910721,https://twitter.com/MiniKiltTours/status/1097139908634910721,This statue of Robert The Bruce looks great lit up at night. I wonder what he was really like. #robertthebruce #scottishking #statue #stirlingcastleesplanade #nightlighting #whatif… https://www.instagram.com/p/Bt_HU0cgFhz/?utm_source=ig_twitter_share&amp;igshid=1uhe7oavhmnec,0,#robertthebruce #scottishking #statue #stirlingcastleesplanade #nightlighting #whatif,MiniKiltTours,
180,2019-02-11 19:36:51+00:00,1095044010413035520,https://twitter.com/LaurenW71547064/status/1095044010413035520,@bannps_nursery_ @bannps Charlie took his bike to the Robert the Bruce statue today. So lucky to have this on our doorstep #brilliantbannockburn #exploreStirling,0,#brilliantbannockburn #exploreStirling,LaurenW71547064,
181,2019-02-10 18:14:05+00:00,1094660792283222017,https://twitter.com/Rachel_Moses_/status/1094660792283222017,Statue of Scottish hero William Wallace heading to England http://a.msn.com/01/en-gb/BBToRyb?ocid=st .......Robert the Bruce was known as Braveheart......not Wallace FFS,0,,Rachel_Moses_,
182,2019-01-30 19:24:57+00:00,1090692361599045633,https://twitter.com/HobbesTonic/status/1090692361599045633,"For a moment I thought this was Robert the Bruce at the battlfield of Bannockburn, but I went and looked at my pics and realized there was no cross. I've seen this statue but can't place where in England. Awesome picture.",0,,HobbesTonic,
183,2019-01-25 15:06:45+00:00,1088815444574785537,https://twitter.com/bullatrix1967/status/1088815444574785537,#1) rough sketch inspired by story @SamHeughan always tells about playing on grounds of . Castle pretending to be The Bruce here is a sketch of Kenmure Castle. it will be followed by A child on a stick horse representing Sam as RTB and Statue of Robert The Bruce ...Con't ,2,,bullatrix1967,
184,2019-01-19 09:57:29+00:00,1086563285888090112,https://twitter.com/bigpete25/status/1086563285888090112,"Just posted a photo @King Robert the Bruce statue, Bannockburn https://www.instagram.com/p/Bsz9oZYBgbCk_qzDZUgUJqS0Z-L3zlqe2R6yxg0/?utm_source=ig_twitter_share&amp;igshid=1bohwjorbm2h4",0,,bigpete25,
185,2019-01-19 09:56:39+00:00,1086563074771959808,https://twitter.com/bigpete25/status/1086563074771959808,"Just posted a photo @King Robert the Bruce statue, Bannockburn https://www.instagram.com/p/Bsz9iDSBMg4c_xckxzkg4vTRnOWBgNzf6O08440/?utm_source=ig_twitter_share&amp;igshid=193yo0mwp01iw",0,,bigpete25,
186,2019-01-19 09:56:10+00:00,1086562956945645570,https://twitter.com/bigpete25/status/1086562956945645570,"Just posted a video @King Robert the Bruce statue, Bannockburn https://www.instagram.com/p/Bsz9dfjBl0rNmAYW0zRYHJ28LRUPOh-uLV8Ljg0/?utm_source=ig_twitter_share&amp;igshid=128ygg2sf8zkr",0,,bigpete25,
187,2019-01-19 09:53:42+00:00,1086562335655952385,https://twitter.com/bigpete25/status/1086562335655952385,"Little walk before getting on the bus @King Robert the Bruce statue, Bannockburn https://www.instagram.com/p/Bsz9KiLh7BWVEqT9OFJunxfgT7VmbTCxYYi2Bg0/?utm_source=ig_twitter_share&amp;igshid=12l1dksiq8u0",0,,bigpete25,
188,2019-01-17 04:27:02+00:00,1085755350190559232,https://twitter.com/GoneWithTheGail/status/1085755350190559232,"When I was in Scotland, we took a quick stop at #bannockburn and saw the Robert the Bruce statue. Little did I know that 2 years later, I’d find I had ancestors that may have known Bruce… https://www.instagram.com/p/BsuOM1dnImN/?utm_source=ig_twitter_share&amp;igshid=1tprdnflm8zvu",0,#bannockburn,GoneWithTheGail,
189,2019-01-15 13:45:05+00:00,1085171012537323520,https://twitter.com/niaga_hijau/status/1085171012537323520,"""If at first you don't succeed try, try and try again."" Robert the Bruce, King of Scots, is said to have told his troops before The Battle of Bannockburn in 1314. Norman Smith / BBC suggests this is the PMs strategy.. #BrexitVote Statue..Marischal College #Aberdeen #photography",2,#BrexitVote #Aberdeen #photography,niaga_hijau,
190,2019-01-11 17:29:41+00:00,1083777981225553925,https://twitter.com/CACuriousThing1/status/1083777981225553925,"In that case, I would direct you to the Robert The Bruce Wotherspoons Pub across the road from Burns Statue. They make a very good Full Scottish Breakfast, which also includes a potato scone.They will be very busy over the next few weeks with our visitors for the big Burns Supper",0,,CACuriousThing1,
